{"products":[{"id":"0.12242420475230409","qty":2}],"totalPrice":27.979999999999997}